Nombre,Edad,País,Número de Documento,Número de Tarjeta de Crédito,Expiración Tarjeta de Crédito,CVC
Hector Olivera Acosta,22,Venezuela,52191287,4231340992826530,08/28,198
Natalia Seguí Lobo,63,Qatar,25509633,4085286996068,03/23,172
Julia Bru Jimenez,109,Chipre,3388361,2224948357290267,08/27,371
Albert Morán Pavón,55,Bahrein,27414471,30319668230269,08/24,655
Sara de Garrido,54,Hungría,72868107,4972170375253,12/27,397
Antonia Estevez Amigó,22,Mauritania,21790926,5495485013455914,04/29,742
Josefa Irene Farré Cáceres,60,Mali,25693173,3534956464774811,03/25,8818
Alicia Coronado Zamorano,63,Sudán del Sur,72781237,4586210181358283,11/27,434
Jose Jose Miguel Royo Fonseca,19,Serbia,23692837,3537800700652711,04/22,571
Jose Tejada Andrés,30,Libia,23729259,180019435701695,10/22,776
Lorenzo Manuel Beltran,100,Cuba,75443935,4736613209597502,08/28,626
Ricardo de Quiroga,17,Mongolia,27733663,4746090090394851,09/29,937
Verónica Samper-Cámara,53,Georgia,31663044,5268861051979962,07/25,597
Noelia Gámez Menéndez,16,El Salvador,41851496,180034751309544,10/27,703
Jose Eduardo Alba Hernandez,63,Gambia,57669903,213196827021519,03/24,918
Alfonso Aguiló Miranda,85,Somalia,17387317,3567353483795326,08/22,755
Lidia Benavent,107,México,49096395,3555950739192630,09/25,002
Irene Canals Monreal,30,República Democrática Popular Lao,39872098,180017349844411,06/20,603
Verónica del Huertas,89,El Salvador,51880976,4906236570471125,07/25,147
Ismael Carballo,28,Turkmenistán,43637820,6011556783199628,06/23,702
Encarnacion Valencia Requena,109,Colombia,80104449,4089362972730305233,06/27,656
Celia Perez,81,España,53759792,377754794019940,04/29,498
Adrián Salamanca Losada,49,Canadá,93075821,4728454416103531,06/25,1358
Milagros Ariño Miranda,37,Kirguistán,15905511,5302886731949471,11/27,299
Catalina Uría-Rius,92,Ucrania,82455132,4005276660008482682,10/19,868
Andrea Borja Gordillo,95,Saint Kitts y Nevis,34260257,4242739784600085,06/23,640
María Galvez,54,Dinamarca,36625612,639018317607,10/27,6009
Marc Murcia Valencia,94,Bolivia,96574963,180095340953563,04/20,006
Patricia Giralt Estevez,19,Qatar,63189993,347721549571837,01/24,696
Isabel de Cabeza,36,Noruega,16116060,30037145713166,11/20,770
Alex Polo Santamaria,67,Kiribati,15718656,4805964481707,12/19,452
Nuria Uribe Vicens,15,Grecia,25793533,3544446053747889,08/29,680
Ivan Salinas,51,Jamaica,34044082,4653117983690318,03/20,2653
Rodrigo Ramirez Anglada,81,Argelia,1775268,503801504591,02/29,367
Alfonso Falcón,108,República Unida de Tanzanía,49923562,3512704659253746,11/26,965
Cristina Mayol Quevedo,51,Libia,77693747,213164440257381,03/28,425
Sandra del Perelló,80,Egipto,88775146,3583496704551323,12/27,504
Santiago Llanos Garay,43,Túnez,93738838,4545052023470458,07/22,609
Agustín Valenciano Lasa,36,Polonia,56798786,3593660833222522,11/24,971
Ángeles Carrasco Escobar,39,Iraq,61556098,3542382856595559,04/24,269
Nerea Salas-Carrión,16,Papua Nueva Guinea,8381870,4840587916128426791,07/20,149
Santiago Cervantes Osorio,104,Rwanda,21616991,377686455968645,12/26,270
Lorena Vanesa Marquez Burgos,95,Armenia,96340526,4017206683211,02/27,943
Diego Guillen Cobo,48,Turkmenistán,91824689,3587889341422559,06/26,9274
Consuelo Domínguez,98,República Árabe Siria,39403547,4135381234454499512,11/27,181
Remedios Daniela Guillen Falcón,85,Liberia,50300966,374174766718929,03/22,247
Miguel Ángel Lorenzo-Leiva,74,San Vicente y las Granadinas,54056100,3595433677712331,02/28,781
Laura Escolano Gabaldón,14,Cuba,56098906,3531644044395520,10/22,558
Juan Hierro Tur,1,Mauritania,11010308,180074956345901,12/28,376
Alejandro Martín Girona,60,Guinea Bissau,59589582,583386574888,10/20,826
